participant_id,image_name,alttext_type,alttext,comment_category,reasoning,comments,time,count,start_time
2,"Catherine_Deneuve,_April_1983.jpg",no_crt_yes_cnxt,"A woman with long blonde hair, wearing a black sweater with colorful patterns, leans on a patterned cushion. She has a thoughtful expression and is adorned with a long necklace and orange earrings. The background features a piece of abstract art.",Accuracy,"The necklace is definitely pink - otherwise, this is the best description!",,1742344086,1,1742344054
2,(MHNT)_Brahmaea_europaea_-_dorsal.jpg,no_crt_yes_cnxt,"A detailed image of a moth with intricately patterned wings spread open. The wings are predominantly brown with lighter and darker brown markings. The moth is positioned against a black background, highlighting the texture and patterns on its wings.",,,,1742344102,2,1742344054
2,Cleveland_Cavaliers_Retired_Jerseys_(cropped).jpg,yes_crt_yes_cnxt,"A basketball jersey banner with ""Bobby 'Bingo' Smith"" and the number ""7,"" featuring the Cleveland Cavaliers logo.",Formatting and Screen Reader Friendliness,"Some screen readers will read all-caps text as though they are abbreviations, so you'll hear the letters individually.",,1742344158,3,1742344054
2,Russian_Ecclesiastical_Mission_in_Jerusalem.jpg,no_crt_yes_cnxt,"A historic black and white photograph of the Russian Orthodox Ecclesiastical Mission in Jerusalem. The image shows a large building complex with distinct Orthodox architectural features, including domes and cross-topped towers. The surrounding area is partially landscaped with trees and open land. The architecture reflects the style typical of Orthodox religious buildings.",Accuracy,"In a day and age where B&W photographs may not necessarily be historic, this is an important clarification to make",,1742344195,4,1742344054
2,"Cecil_Calvert,_2nd_Baron_Baltimore,_by_Gerard_Soest_(1670).jpg",None,None,Relevance,"The only alt text description highlighting the fact that the young Black male is a servant is too long. The other captions do not mention this fact at all, which is important from a historical context as it highlights the attitudes of the time.",,1742344286,5,1742344054
2,Streetcar_stop_at_the_California_Pacific_International_Exposition_(cropped).jpg,no_crt_yes_cnxt,Historic black and white photo of a San Diego Electric Railway station. The station features arched architecture and is surrounded by a wooden fence. Train tracks are visible in the foreground. Trees and a clear sky are in the background.,Relevance,"Once more, mentioning ""historic"" is important here",,1742344318,6,1742344054
2,SS_Mariposa_ship_cancellation.jpg,yes_crt_yes_cnxt,"A circular blue stamp with the words ""Mailed at Sea Aboard Pacific Far East Line S.S. Mariposa"" and two small stars.",Formatting and Screen Reader Friendliness,No all-caps for reasons mentioned on previous images - some screen readers will read these letter by letter,,1742344427,7,1742344054
2,Makhno-1919.jpg,no_crt_yes_cnxt,"A historical black and white portrait of a man in a military uniform with a holstered weapon visible on the side, typically associated with early 20th-century attire. He has medium-length hair and is looking directly at the camera.",,,,1742344518,8,1742344054
2,National_Academy_of_Chinese_Theatre_Arts_(20240120161248).jpg,no_crt_yes_cnxt,"Entrance of the high school attached to the National Academy of Chinese Theatre Arts, featuring a large building with a prominent sign in Chinese characters. The foreground includes a paved area with barriers and a few people walking.",Formatting and Screen Reader Friendliness,"English-language screen readers will not translate Chinese characters, also a translation isn't necessary to understand what the photograph is - as a sighted person you wouldn't necessarily attempt to run the image through a translator but could expect to know the signage relates to the name of the building and that is already covered by the beginning of this particular alt text description",,1742344680,9,1742344054
2,Bristol_Scout_A1742.jpg,yes_crt_no_cnxt,"A vintage biplane with a wooden propeller and cream-colored body on display in a museum. The tail features the French flag's tricolor pattern and the number ""A6762.""",Inclusivity and Representation,"Common enough knowledge what the French flag colours are so doesn't need explaining in great detail. Also to someone who has had no vision since birth, vivid and overly detailed colour descriptions are often unhelpful.",,1742345325,10,1742344054
2,Target-graphic-2024.png,no_crt_no_cnxt,"Image of a wooden target board used for axe throwing, featuring concentric black circles. The board has labeled scoring zones from the outermost to the innermost: 1 point, 2 points, 3 points, 4 points, and a bullseye labeled as 6 points. There are additional red circles labeled ""kill shots"" valued at 8 points, positioned outside the main target area.",,,,1742345547,11,1742344054
2,54_MEXY.jpg,None,None,Relevance,"None of those signs are visible in the photograph at all, and the only description that doesn't contain a description of a sign is overly vague. The sign on the building reads Eglise Saint Barthelemy, which none of the above captions mention.",,1742345714,12,1742344054
2,Dennis_Hopper_1973.jpg,no_crt_yes_cnxt,"A black-and-white photo of a man with long hair and a mustache, wearing a patterned headband and beaded necklace.",Inclusivity and Representation,"Given that Hopper identified as male, it feels more appropriate to state that the photograph is of a man, rather than using a neutral pronoun - after all, it is not unheard of for women to have facial hair and without the necessary context this neutral term could prove confusing.",,1742345894,13,1742344054
2,Tanaka_Farms_logo.png,yes_crt_no_cnxt,"Logo with the text ""Tanaka Farms Est. 1940"" in stylized font.",Inclusivity and Representation,Colour descriptions unhelpful for those with visual impairment meaning they cannot distinguish colour. This description is nice and concise,,1742345957,14,1742344054
2,Family_image_tree_on_a_wall.jpg,yes_crt_no_cnxt,"A collection of black-and-white framed photographs arranged on a wall, showcasing various portraits. Some frames are oval, while others are rectangular, and one framed image depicts a building.",,,,1742346160,15,1742344054
2,Post-office-and-postmistress-widtsoe-utah.jpg,yes_crt_yes_cnxt,"Old wooden building labeled ""Post Office, Widtsoe, Utah"" with a person standing in the doorway.",,,,1742346244,16,1742344054
2,"Ongoing_grassroots_program_with_Sporting_Clube_de_Goa_Academy_players_led_by_club_managements_in_Duler_Stadium_in_Mapusa,_Goa,_India.jpg",yes_crt_yes_cnxt,"A coach, with short hair, wearing an orange shirt, addresses a large group of young football players seated on a green field, with others standing behind them.",,,,1742346302,17,1742344054
2,Dowling_023.jpg,no_crt_yes_cnxt,"A black and white historical photograph of Her Majesty's Gaol and Labour Prison in Alice Springs. The image shows a single-story building with a pitched roof and small, rectangular windows. To the right of the building is a large water tower on a metal frame. The foreground is barren, with sparse vegetation. The sky is overcast.",Relevance,"I would posit ""A historic photograph of Her Majesty's Gaol and Labour Prison. To the right of the building is a large water tower on a metal frame"", as I feel this one is overly descriptive, but it is close enough.",,1742346435,18,1742344054
2,Maxwell_Epstein_Clinton_1993_2.jpg,None,None,Relevance,"As the average informed reader will know who Epstein, Clinton, and Ghislaine Maxwell are, the names of all of these individuals should be included within the alt text.",,1742347183,19,1742344054
2,Short-beaked_echidna_(Tachyglossus_aculeatus_setosus)_Scottsdale.jpg,yes_crt_yes_cnxt,"A short-beaked echidna with spines and fur is on a grassy surface, showing its distinctive snout.",,,,1742347361,20,1742344054
2,York_Lions_Football_2019.jpg,yes_crt_yes_cnxt,A York Lions football player in a red uniform prepares to throw the ball while being chased by a player in a white uniform. Another Lions player is blocking in the foreground.,,,,1742347614,21,1742344054
2,"Fingle_Bridge,_Devon_-_William_Widgery_-_45-1934.jpg",yes_crt_no_cnxt,"Pastoral landscape painting depicting cows standing in a shallow stream surrounded by dense trees and rocks, with a small waterfall in the background.",,,,1742347879,22,1742344054
2,West_Coast_Memorial_to_the_Missing_of_World_War_II_-_January_2024_(8735).jpg,yes_crt_no_cnxt,"Stone memorial wall with embossed imagery of a winged figure and a horse. Inscription reads: ""1941-1945. Erected by the United States of America in proud and grateful remembrance of her sons who gave their lives in her service and who sleep in the American coastal waters of the Pacific Ocean. Into Thy Hands O Lord.""",Accuracy,"The horse *is* the winged figure, otherwise this is the closest match",,1742348041,23,1742344054
2,Nancy_Reagan_and_Maria_Pia_Fanfani.jpg,yes_crt_no_cnxt,"Two women standing side by side indoors, smiling and holding a book. One is wearing a blue dress and the other a green dress. The background includes a wooden door and a painting on the wall.",,,,1742348342,24,1742344054
2,2011_Sony_WM_MP3_NWZ-B163FR_(cropped).jpg,no_crt_no_cnxt,"A small digital audio player with a black and red casing. It has a circular control pad and a display screen on the black section. The red section features a ""W"" logo. It is placed on a plain, light-colored surface.",,,,1742348412,25,1742344054
2,Gilman_Interior_Shot.jpg,yes_crt_yes_cnxt,Row of abandoned buildings with red and green roofs surrounded by dense greenery in a mountainous area.,,,,1742348464,26,1742344054
2,Koala_(Phascolarctos_cinereus)_female_Mount_Lofty_4.jpg,yes_crt_no_cnxt,Two koalas resting on the branches of a eucalyptus tree against a clear blue sky.,,,,1742348570,27,1742344054
2,Great_Gildersleeve_1.jpg,no_crt_yes_cnxt,"A black and white image of two people. The woman on the left is looking upwards and slightly to the side, while the man on the right is standing close behind her with an expression of surprise or concern. The woman is wearing a fitted top and skirt, and the man is in a suit and tie.",,,,1742348623,28,1742344054
2,"John_Lennon_and_Yoko_Ono,_gtfy.02293.jpg",no_crt_yes_cnxt,"Two individuals seated at a table during a press conference. The person on the left is wearing sunglasses and a patterned sweater under a jacket, while the person on the right has long hair and is wearing a dark outfit. They appear to be speaking or interacting with the audience.",Accuracy,Both individuals are long-haired but otherwise this description is the closest match,,1742348773,29,1742344054
2,"The_Abilene_Daily_Reporter_(Abilene,_Tex.),_Vol._24,_No._133,_Ed._1_Friday,_October_13,_1922_-_DPLA_-_4f8cde42a03b2ac9f5ff0aa395b4babf_(page_1)_(cropped).jpg",yes_crt_no_cnxt,"Black and white newspaper photo of five men in traditional early 20th-century attire, including fezzes, looking at documents. The title reads ""Turkey's George Washington Confers With Aids.""",Relevance,The fezzes are quite distinctive so need inclusion within the alt text,,1742349222,30,1742344054
2,DSC_6893_(4273598578).jpg,no_crt_no_cnxt,"A basketball game scene showing a player in a red jersey preparing to take a free throw. Other players are lined up along the key, and the basketball court is surrounded by a large crowd in purple attire. The scoreboard is visible above the basket, and the fans are enthusiastically raising their arms.",Relevance,A mention of the scoreboard would be useful here too.,,1742349561,31,1742344054
2,Anett_Kontaveit_(19144689161)_(cropped).jpg,yes_crt_yes_cnxt,"A tennis player in a pink top and skirt runs forward on a tennis court, holding a racket with both hands.",Inclusivity and Representation,"The first description is too neutral and could easily describe a male player. Would be worth including ""female"" in the description I have chosen but otherwise this is OK",,1742349661,32,1742344054
2,"Royal_Pavilion,_Brighton_(interior)_04_trimmed.jpg",None,None,Relevance,The second one would've been ideal if it hadn't gone into unnecessary and unrelated detail about Brighton,,1742349985,33,1742344054
2,Captain_Lash_(SAYRE_14635).jpg,yes_crt_yes_cnxt,"A vintage photograph showing a man in a captain's uniform smiling at a woman wearing a 1920s style hat. The man embraces the woman, who gazes to the side.",,,,1742350033,34,1742344054
2,Dentyl_pH_logo.png,no_crt_yes_cnxt,"The Dentyl Dual Action logo, featuring bold blue lettering of the brand name ""Dentyl"" with the words ""Dual Action"" in smaller blue letters underneath.",,,,1742350056,35,1742344054
2,Bradshaw_Bell.png,no_crt_yes_cnxt,"The Bradshaw Bell mounted on an exterior wall at the Adelaide Oval. A small plaque is attached to the wall beneath the bell, providing information about its naming and significance. The wall features a decorative pattern near the roof.",,,,1742350308,36,1742344054
2,Wayne_Bennett_rugby_league_coach.jpg,yes_crt_yes_cnxt,An older man wearing a red cap and sports attire with team logos stands on grass in front of a shaded seating area.,,,,1742350374,37,1742344054
2,"Jalan_Changkat_Jering-Seri_Manjung-Kampung_Koh_(Malaysia_Federal_Highway_60),_Pantai_Remis_20231222_141340.jpg",no_crt_yes_cnxt,"A view of a roadway in Pantai Remis, Malaysia, with vehicles traveling in both directions. There are commercial buildings on the left side and large trees on the right, under a clear blue sky.",,,,1742350457,38,1742344054
2,Dani_Weatherholt_(29280829098)_(cropped).jpg,yes_crt_yes_cnxt,"A soccer player in a purple Orlando Pride uniform, with the number 17, running on the field.",,,,1742350495,39,1742344054
2,Tortellini_Bolognesi.jpg,yes_crt_no_cnxt,Yellow tortellini pasta arranged on a wooden surface.,,,,1742350518,40,1742344054
2,Dayana_Yastremska_(2023_US_Open)_02_(cropped).jpg,yes_crt_yes_cnxt,"A female tennis player, wearing a blue and green patterned outfit and visor, poised to hit a forehand shot on a tennis court. A scoreboard in the background shows ""D. Yastremska"" and ""H. Watson.""",,,,1742350560,41,1742344054
2,Dayana_Yastremska_(2023_US_Open)_02_(cropped).jpg,yes_crt_yes_cnxt,"A female tennis player, wearing a blue and green patterned outfit and visor, poised to hit a forehand shot on a tennis court. A scoreboard in the background shows ""D. Yastremska"" and ""H. Watson.""",,,,1742352127,41,1742351129
2,19180902-red_terror-banner.jpg,no_crt_no_cnxt,"A historical black and white photograph shows a group of people standing in front of a building, holding a large banner with Cyrillic text. The individuals are dressed in early 20th-century clothing, including hats and coats. The scene appears to be a protest or demonstration.",,,,1742352157,42,1742351129
2,Message_for_Regular_Toll_Users_on_the_M9_-_geograph.org.uk_-_6093135.jpg,yes_crt_yes_cnxt,A highway with a purple eToll sign displaying information about cashless toll payment in Ireland. The road sign includes the eToll logo and a website URL.,,,,1742352195,43,1742351129
2,Alvaro_2023_path.png,yes_crt_yes_cnxt,"Track map showing the path of Cyclone Alvaro, starting from the southeast of Mozambique and moving southeastward past Madagascar.",,,,1742352226,44,1742351129
2,Backes_Borrell_2024.jpg,yes_crt_yes_cnxt,"A woman and a man shaking hands in front of Luxembourg and EU flags. The background displays ""EEAS"" and ""SEAE"" with a globe graphic.",,,,1742352268,45,1742351129
2,Dmitry_Medvedev_in_Denmark_27_April_2010-4.jpeg,no_crt_yes_cnxt,"A formal procession with a woman in a blue outfit and hat walking alongside a man in a suit and several uniformed military personnel. They are passing by rows of guards in red uniforms and bearskin hats, who are standing at attention.",,,,1742352301,46,1742351129
2,Mwambutsa_1962.jpg,yes_crt_yes_cnxt,"Black and white photo of a man in a suit, wearing glasses, standing near a body of water with a crane and rocks in the background.",,,,1742352329,47,1742351129
2,Akio_Mimura_20240109syuko01.jpg,yes_crt_no_cnxt,An elderly man in a suit and tie holds a document. There are flowers in the background.,,,,1742352363,48,1742351129
2,"Firenze,_porta_san_giorgio,_1324_(rimaneggiata_nel_1937)_02.jpg",yes_crt_no_cnxt,"Stone archway with a coat of arms above the arch, leading to a narrow cobblestone street lined with buildings and trees.",,,,1742352379,49,1742351129
2,Singapore_Wonton_noodles_(cropped).jpg,yes_crt_no_cnxt,"A bowl of yellow noodles topped with slices of roasted meat, crispy wontons, green chilies, and a dark sauce.",,,,1742352416,50,1742351129
1,"ETH-BIB-Hille_Ris_Lambers,_Janneke_(1972-)-Portr_18305.jpg",None,None,Relevance,"Background colour is irrelevant. 

""Woman"", not person.",The appropriate alt text value will depend on the context in which in the image is used.,1742400419,1,1742400253
1,231-E-41_a.jpg,None,None,Relevance,"Need to mention tender, smoke defelctors",The appropriate alt text value will depend on the context in which in the image is used.,1742400524,2,1742400253
1,"Reconstruction_of_a_Xiongnu_chief_warrior,_2nd_century_BCE-1st_century_CE.jpg",no_crt_yes_cnxt,"A museum display featuring a mannequin dressed in traditional Xiongnu attire. The outfit includes a long, ornate robe with intricate patterns, a belt, and a headpiece. A sword is worn on the mannequin's right side, partially visible. The background includes a map or mural.",,,The appropriate alt text value will depend on the context in which in the image is used.,1742400575,3,1742400253
1,2024_Proclamation_of_King_Frederik_of_Denmark.jpg,yes_crt_yes_cnxt,"A large crowd gathers outside a historic building, waving numerous Danish flags.",,,The appropriate alt text value will depend on the context in which in the image is used.,1742400607,4,1742400253
1,Khristenko_(cropped).jpg,yes_crt_no_cnxt,A smiling man in a suit and red tie against a plain background.,,,The appropriate alt text value will depend on the context in which in the image is used.,1742400647,5,1742400253
1,Melb_Union_Station.jpg,None,None,Relevance,"3 or 4, but without mentioning the sky",The appropriate alt text value will depend on the context in which in the image is used.,1742400695,6,1742400253
1,Bill_Terry_1933.jpg,yes_crt_yes_cnxt,"A vintage black and white photo of a baseball player wearing a New York Giants cap with ""NY"" insignia.",,,The appropriate alt text value will depend on the context in which in the image is used.,1742400728,7,1742400253
1,Field-marshal_Erhard_Milch.jpg,None,None,Relevance,The uniforms are German,The appropriate alt text value will depend on the context in which in the image is used.,1742400777,8,1742400253
1,Medvedev_Magomedov.jpg,yes_crt_no_cnxt,Two men in suits are at a formal event. One man is standing while the other sits at a desk with microphones. Flags are visible in the background.,,,The appropriate alt text value will depend on the context in which in the image is used.,1742400823,9,1742400253
1,BMW_G87_M2_1X7A1837.jpg,yes_crt_yes_cnxt,"A white BMW M2 car parked outside, showing its side and rear.",,,The appropriate alt text value will depend on the context in which in the image is used.,1742400855,10,1742400253
1,"The_village_of_Warkworth,_on_the_River_Mahurangi_containing_89_village_allotments_(1864)_(cropped).jpg",None,None,Accuracy,"Transcribe all the text, then describe the map",The appropriate alt text value will depend on the context in which in the image is used.,1742400908,11,1742400253
1,"Christina_Gyllenstierna,_wife_of_Regent_Stenonis_of_Sweden.jpg",no_crt_no_cnxt,"A medieval painting depicting a woman in a kneeling position, wearing a gold dress with a dark fur-trimmed cloak. Her hands are clasped in prayer. Next to her is a heraldic shield with a golden star symbol. Text in Latin is inscribed above and below the figure on the dark background.",,,The appropriate alt text value will depend on the context in which in the image is used.,1742400942,12,1742400253
1,Arthur_Fulton_1912_Kings_Prize.jpg,None,None,Accuracy,Bottom picture has a man on some kind of sedan chair,The appropriate alt text value will depend on the context in which in the image is used.,1742401049,13,1742400253
1,"Griffin_Cottage,_Boughton,_Northamptonshire.jpg",None,None,Accuracy,"""traditional"" to where?",The appropriate alt text value will depend on the context in which in the image is used.,1742401102,14,1742400253
1,"Jean,_Carmen,_Beryl,_Harold,_Rainbow_and_Joan_Cazneaux_at_Ambleside,_Rosville,_New_South_Wales,_1922.jpg",no_crt_no_cnxt,"A vintage black and white photograph featuring six children standing outdoors. Five of the children are older, wearing light-colored dresses, and standing in a line under a wooden arch. In front of them, a toddler wearing a light outfit is holding hands with two of the older children. The background is filled with foliage, suggesting a garden setting.",,,The appropriate alt text value will depend on the context in which in the image is used.,1742401150,15,1742400253
1,Bill_Terry_1933.jpg,yes_crt_yes_cnxt,"A vintage black and white photo of a baseball player wearing a New York Giants cap with ""NY"" insignia.",,,The appropriate alt text value will depend on the context in which in the image is used.,1742401169,16,1742400253
1,Manila_Railway_70_class_No._94.jpg,None,None,Accuracy,"4,  but no men depicted

Is this a test, or your error?",The appropriate alt text value will depend on the context in which in the image is used.,1742401256,17,1742400253
1,Matteo_Egizio.jpg,None,None,Accuracy,"Transcribe the text, then describe the image",The appropriate alt text value will depend on the context in which in the image is used.,1742401315,18,1742400253
1,Clm_4453_fol_24r_Detail_Herrscherbild.jpg,no_crt_yes_cnxt,"Medieval illustration depicting a regal figure seated on a throne, holding a scepter and an orb. The figure is surrounded by attendants and advisers, with a decorated canopy above. The style is characteristic of medieval manuscript art, with detailed clothing patterns and vibrant colors.",,,The appropriate alt text value will depend on the context in which in the image is used.,1742401362,19,1742400253
1,Vista_do_Aeroporto_Internacional_de_Fortaleza_Pinto_Martins.jpg,None,None,Relevance,"""Modern airport terminal with airplanes on the tarmac. The building has a large, arching roof.",The appropriate alt text value will depend on the context in which in the image is used.,1742401471,20,1742400253
1,Hochschule_Magdeburg.jpg,no_crt_no_cnxt,"Aerial view of a large campus with multiple buildings featuring red-tiled roofs, surrounded by green trees and grassy areas. Pathways connect the buildings, and there are open spaces of lawn throughout the area. A road borders one side of the complex, and additional structures are visible beyond the campus.",,,The appropriate alt text value will depend on the context in which in the image is used.,1742401498,21,1742400253
1,Donnie_Wahlberg_2010.jpg,yes_crt_no_cnxt,A man in a light gray suit and purple shirt is seated against a dark blue background.,Relevance,"""A white man, with dark hair and chin stubble, in a light gray jacket and purple shirt, with matching tie and pocket handkerchief""",The appropriate alt text value will depend on the context in which in the image is used.,1742401609,22,1742400253
1,Budd_SPV2000_Shells_Wilmington_DE.jpg,yes_crt_no_cnxt,Two silver train cars are parked on a railway track surrounded by greenery. Wooden pallets and debris lie nearby.,,,The appropriate alt text value will depend on the context in which in the image is used.,1742401642,23,1742400253
1,Transdev_Volvo.jpg,yes_crt_yes_cnxt,"A red double-decker bus with ""Trafalgar Square 9"" displayed on the front, driving on a city street with other vehicles and buildings in the background.",,,The appropriate alt text value will depend on the context in which in the image is used.,1742401685,24,1742400253
1,HolyRomanEmpire_1618.png,None,None,Relevance,"2, but without the final sentence",The appropriate alt text value will depend on the context in which in the image is used.,1742401751,25,1742400253
1,09-FEB-2022_-_WS1_YYC-LGW_(B787-9_-_C-GKKN)_(03).jpg,None,None,Accuracy,"3,  but there are two aisles",The appropriate alt text value will depend on the context in which in the image is used.,1742401908,26,1742400253
1,Eugene_H._Lehman.jpg,None,None,Relevance,"3,  but without mentioning background",The appropriate alt text value will depend on the context in which in the image is used.,1742401946,27,1742400253
1,LEX_(ONERA_sounding_rockets).jpg,None,None,Relevance,"4, but mention the text is in French",The appropriate alt text value will depend on the context in which in the image is used.,1742402001,28,1742400253
1,Shiant_Island.png,yes_crt_no_cnxt,"Map of the Shiant Islands showing Garbh Eilean, Eilean an Tighe, and Eilean Mhuire within the Minch. Surrounding waters and islets are labeled, with a scale and compass included.",,,The appropriate alt text value will depend on the context in which in the image is used.,1742402049,29,1742400253
1,Odia_University_Campus.jpg,None,None,Relevance,"1, but without mentioning sky",The appropriate alt text value will depend on the context in which in the image is used.,1742402092,30,1742400253
1,Miller_Moss_(8184719)_(cropped).jpg,yes_crt_no_cnxt,"A football player in a red and gold uniform with the number ""7"" holds a trophy. He is wearing a white cap that says ""CHAMPIONS"" and has eye black under his eyes. Other players in matching uniforms and caps are in the background.",,,The appropriate alt text value will depend on the context in which in the image is used.,1742402131,31,1742400253
1,1991_Grantland_Rice_Trophy.jpg,no_crt_no_cnxt,A trophy encased in glass with a gold football on top and a wooden base is displayed. The text on the trophy is partially visible. A large poster featuring a football player in a purple jersey is in the background. The setting appears to be inside a building with large windows revealing greenery outside.,,,The appropriate alt text value will depend on the context in which in the image is used.,1742402184,32,1742400253
1,WJLP_3_logo.jpg,yes_crt_no_cnxt,"Logo with large gold number ""3,"" black letters ""WJLP"" on a gold rectangle, and text ""NEW JERSEY NEW YORK"" below.",,,The appropriate alt text value will depend on the context in which in the image is used.,1742402232,33,1742400253
1,John_Mayall_1970-1281_04_(Johnny_Almond).jpg,no_crt_no_cnxt,"Black and white photo of a person on stage holding a saxophone. They are wearing a floral shirt and a vest, with long hair. The setting appears to be a live performance.",Relevance,"""Black and white photo of a person holding a saxophone. They are wearing a floral shirt and a waistcoat, and have long hair.""

[British English for a British subject - it's not a ""vest""]",The appropriate alt text value will depend on the context in which in the image is used.,1742402340,34,1742400253
1,Goofus_couesnophone_(rotated).jpg,None,None,Relevance,"A saxophone-shaped brass instrument, featuring a long, slender body with 25 trumpet-style keys, and a curved bell at the bottom.",,1742402514,35,1742400253
1,Flinders_Street_Station_Ticket_Office_1914-1918.jpg,None,None,Relevance,"4, without the final two sentences",,1742402581,36,1742400253
1,Jain_Universal_History_Diorama_in_Jain_Museum_of_Madhuban_35.jpg,None,None,Inclusivity and Representation,I lack the cultural awareness to describe this accurately and would ask for help,,1742402651,37,1742400253
1,Medieval-World-Religions.png,yes_crt_no_cnxt,"Map of the Eastern Hemisphere showing various religious symbols over regions: a cross over Europe, a Star of David over the Middle East, a crescent over the Arabian Peninsula, a Dharmachakra over India, an Om symbol over South Asia, and a yin-yang symbol over East Asia.",,,,1742402703,38,1742400253
1,At_Tenerife_2022_085_-_Gallotia_galloti_(cropped).jpg,yes_crt_yes_cnxt,"A lizard with a long tail perched on a rock, displaying a speckled pattern on its skin.",,,,1742402732,39,1742400253
1,Martin_Jones_(50516648038).jpg,yes_crt_yes_cnxt,A hockey goalie in a pink uniform and white pads stands in front of the net during a game.,,,,1742402770,40,1742400253
1,"Rauchroehren_of_the_Kaitersberg,_Bavarian_Forest,_Germany.jpg",yes_crt_yes_cnxt,"A narrow passage between two large, rugged rock formations with some greenery.",,,,1742402795,41,1742400253
1,Polluted_sunrise_in_Delhi.jpg,None,None,Accuracy,sunrise or sunset?,,1742402833,42,1742400253
1,1929_Auburn_8-120_Boattail_Speedster_svl_(cropped).jpg,None,None,Relevance,"4, but without mentioning background",,1742402883,43,1742400253
1,Quinton_Byfield_12_16-2023.jpg,None,None,Inclusivity and Representation,"A male hockey player in a black and white uniform and helmet, with the number ""55"", on the ice and bending slightly forward, holding a hockey stick.",,1742402994,44,1742400253
1,HMT_Olympic.jpg,yes_crt_yes_cnxt,"A black and white photograph of an ocean liner with distinctive camouflage paint featuring bold geometric patterns and multiple smokestacks, floating on calm water.",,,"A black and white photograph of an ocean liner with distinctive ""dazzle"" camouflage featuring bold geometric patterns. It has four smokestacks and two tall radio masts, and is on a calm sea.",1742403144,45,1742400253
1,Milwaukee_Early_Vote_Rally_(5115626494)_(1).jpg,no_crt_no_cnxt,"A man stands at a podium speaking into a microphone, set up outdoors with an American flag as the backdrop. He is wearing a green jacket and appears focused on delivering a speech. Microphones from different news stations are visible on the podium.",Relevance,"A clean-shaven white man with short white hair stands at an outdoor podium speaking into a microphone, with a United States flag behind him. He is wearing a green jacket. Microphones from different news stations are visible on the podium.",,1742403278,46,1742400253
1,"Philadelphia_Flyers_at_Seattle_Kraken_-_December_29,_2023_-_Eeli_Tolvanen_and_Sean_Walker_(53432158136).jpg",yes_crt_yes_cnxt,"Two ice hockey players in action on the rink. One wears a Philadelphia Flyers jersey with the number 26, and the other wears a jersey with the number 20.",Relevance,"Two male ice hockey players are on the rink. One player, wearing a black and teal uniform with the number 20, is facing another player in a white, orange, and black uniform with the number 26. Number 26 is holding a hockey stick, ready to play.",,1742403432,47,1742400253
1,Stevenson_1911_atlasofportolanc00magg_0024_XII_Britain_and_Ireland.jpg,yes_crt_yes_cnxt,"A black-and-white historical map depicting the British Isles, featuring coastlines, islands, and names of geographical locations in Latin. The map shows intricate detailing of the regions.",Relevance,"A black-and-white historical map depicting the British Isles and the Normandy coast, with the names of coastal locations in Latin. West is at the top.",,1742403556,48,1742400253
1,Taylor_Swift_The_Eras_Tour_Lover_Set_(53109587454)_(cropped2).jpg,None,None,Relevance,"Taylor Swift on stage with a hand-held microphone, in a leotard-like outfit and knee-high boots, all of which are silver and sparkly.",,1742403693,49,1742400253
1,"Ritratto_di_Giovanni_Aldini,_1829_-_Accademia_delle_Scienze_di_Torino_-_Ritratti_0035_B_(cropped).jpg",None,None,Accuracy,"A black and white head-length illustration of a white man with dark curly hair, wearing a high-collared, 19th-century style shirt and jacket",clearly not a  corpse,1742403872,50,1742400253
3,Shirts_and_skins.jpg,no_crt_yes_cnxt,"A black and white photo of a group of boys playing a game in an urban setting. One boy, who is shirtless, is swinging a bat, appearing to engage in a street game of baseball. Other boys are watching, some shirtless and some wearing shirts, standing near a worn wall.",Relevance,Only this option has the key detail that some of the boys wear shirts and some don't.,,1742515167,1,1742515122
3,HimmlerAndHeydrich_1938.jpeg,yes_crt_yes_cnxt,"Two men in SS uniforms with long coats and peaked caps walking side by side, one gesturing with his arm.",Relevance,This option has the most detail about the uniforms.,,1742515297,2,1742515122
3,"Bundesarchiv_Bild_105-DOA3100,_Deutsch-Ostafrika,_Artillerie.jpg",None,None,Accuracy,"All the options misidentify the people in the image. Dark-skinned people, not uniformed soldiers, are hauling the cannons.",,1742515338,3,1742515122
3,South_Tottenham_Station_(2).jpg,yes_crt_yes_cnxt,"Entrance to South Tottenham railway station with signage and orange railings. Several people are visible near the entrance, and a lamppost is in the foreground.",Accuracy,The other options misread the signs or misidentify the private building next door.,,1742515408,4,1742515122
3,Ivan_Tasovac_2023_stamp_of_Serbia.jpg,yes_crt_yes_cnxt,"A postage stamp featuring a contemplative individual with gray hair, holding their chin, next to a cello. Text includes ""UMETNOST – 100 godina od osnivanja Beogradske filharmonije,"" ""Ivan Tasovac 1966–2021,"" and ""Beogradska filharmonija Belgrade Philharmonic Orchestra.""",Accuracy,"This option contains the key text ""Ivan Tasovac"" without misidentifying him as a conductor. (He was the director.)",,1742515471,5,1742515122
3,The_Man_Who_Laughs_-_Conrad_Veidt_as_Gwynplaine.jpg,no_crt_no_cnxt,"Black and white image of a person with theatrical makeup. They have exaggerated dark eye makeup and a wide, unnaturally large grin, giving a dramatic and slightly eerie expression. The hair is slicked back, and the collar of their clothing is raised. The overall effect is striking and intense.",Relevance,"This image depicts the character's defining feature, a disfigured, grotesque, frozen smile. This option comes closest to hitting that note.",,1742515649,6,1742515122
3,1977_Ford_Mustang_II_Cobra_(14203160339)_(cropped).jpg,no_crt_yes_cnxt,"A 1977 Ford Mustang Cobra II parked on grass. The car is white with red racing stripes and the word ""Cobra"" written in bold letters along the sides. It features the classic design elements of the Mustang II, including a sloping fastback roof and distinctive front grille.",Relevance,This image is to illustrate the car. This option describes the car best.,,1742515730,7,1742515122
3,"DKF-161_Kaiser_Darrin_(4061797062,_resized)_(cropped).jpg",no_crt_yes_cnxt,"A light green vintage convertible car parked on a paved area, with a crowd of people in the background. The car features a classic design with whitewall tires and a distinctive front grille.",Relevance,"The other options describe the background more than the car, or misstate the position of the car.",,1742515805,8,1742515122
3,Caspar_David_Friedrich_-_Das_Eismeer_-_Hamburger_Kunsthalle_-_02.jpg,None,None,Relevance,All the options miss the key detail of a shipwreck dwarfed by jagged icebergs and partly consumed by the frozen sea.,,1742515850,9,1742515122
3,Huntington_Harbor_CA_Aerial_photo_Don_Ramey_Logan.jpg,yes_crt_yes_cnxt,"Aerial view of Huntington Harbour, featuring waterways, residential areas, and a marina near the beach.",Accuracy,"The picture is of Huntington Harbour, a small part of the city of Huntington Beach, and separate from Sunset Beach (foreground). The other options get some of those details wrong.",,1742515985,10,1742515122
3,Arthur_Fulton_1912_Kings_Prize.jpg,no_crt_no_cnxt,"Drawing of ""Private Fulton, The King's Prize Winner."" It features a portrait of a person in a military hat at the top and a group of people celebrating below with the caption ""Chairing the Winner.""",Accuracy,Only this option reads the text correctly.,,1742516013,11,1742515122
3,The_port_of_Long_Beach_2_by_Don_Ramey_Logan.jpg,no_crt_yes_cnxt,"Aerial view of a large port complex with shipping containers, cranes, and docks along the water's edge. Several ships are visible in the harbor. The landscape stretches into the distance under a clear blue sky.",Accuracy,"Only this option correctly identifies Port of Los Angeles-Port of Long Beach as a complex, and not technically a single port.",,1742516065,12,1742515122
3,Badakhshan_districts.png,yes_crt_yes_cnxt,Map of Badakhshan Province showing its districts in various colors. An inset map indicates the province's location within Afghanistan.,Relevance,"None of the options convey the information in the inset - that this is northeast Afghanistan. This option is, at least, concise.",,1742516190,13,1742515122
3,The_Big_Chill_(5253950605)_(1).jpg,yes_crt_yes_cnxt,"A brick building with a large Swedish flag draped above the entrance, surrounded by trees and a lawn.",Relevance,The Swedish flag is the important part of the image. The other options include too many unimportant details.,,1742516286,14,1742515122
3,Scottish_Ambulance_Service_Mercedes-Benz_Sprinter_at_Sumburgh_Airport.jpg,no_crt_yes_cnxt,"A Scottish Ambulance Service emergency response vehicle with green and yellow markings, parked on a snow-covered surface. The back doors are visible with red and yellow chevrons.",Accuracy,"This option describes the distinguishing color patterns, without misreading the text.",,1742516335,15,1742515122
3,Justin_Berkmann_(around_2009).jpg,yes_crt_yes_cnxt,"A person holding a microphone with ""TV"" on it, wearing a leather jacket, against a background with green text.",Accuracy,This option is more accurate than the others.,,1742516409,16,1742515122
3,Judinja.jpg,yes_crt_yes_cnxt,"A historical painting of a person in traditional attire, wearing a long red robe with a headscarf, standing beside a table with fruits, set against a landscape background.",Relevance,"The important information in this image is that the figure is a Jewish woman. ""Headscarf"" better conveys the sense of a religious head covering.",,1742516475,17,1742515122
3,141116-A-TI382-213_(15622516898)_(Chris_Conte).jpg,yes_crt_yes_cnxt,A football player wearing a Chicago Bears uniform with the number 47 catches a ball on a field.,Relevance,"This option identifies the Chicago Bears uniform without misstating the photo was taken ""during a game"". People are milling around the field.",,1742516592,18,1742515122
3,Lockheed_Martin_Longbow_Hellfire.jpg,yes_crt_no_cnxt,"A cutaway model of a missile displayed on a speckled gray surface, showing the internal components.",Accuracy,"This option correctly identifies the cutaway model of a missile. ""Model of a missile with a cutaway design"" is a dangling participle and potentially confusing.",,1742516685,19,1742515122
3,2024_Missouri_American_Innovation_Dollar.jpg,None,None,Accuracy,"I'm nitpicking, but all the options have minor errors. ""United States of America"" is raised, not engraved or inscribed, the bell jar isn't a representation of Missouri, and it's a flask not a beaker.",,1742516782,20,1742515122
3,Shirley_Kellogg.jpg,no_crt_yes_cnxt,A black and white photograph of a woman sitting and smiling. She is wearing a light-colored dress with floral patterns and holding a small bouquet of flowers. The background shows a decorative screen.,Relevance,"In the context of the building's history, the age of the image is important. Only this choice hints at the photo's age.",,1742516855,21,1742515122
3,Life_expectancy_by_WBG_-United_Arab_Emirates_-leader.png,None,None,Accuracy,All the options missed the chart at the bottom showing the life expectancy gender gap shrinking.,,1742516895,22,1742515122
3,Michael_Stefano_AVN_Expo_2005.jpg,yes_crt_no_cnxt,"A smiling man with short, dark hair wearing a white shirt and a black lanyard around his neck, standing indoors with blurred background elements.",Inclusivity and Representation,"In this context, I'd say gender's important.",,1742516945,23,1742515122
3,"First_Christmas_Seal,_Denmark,_1904.jpg",yes_crt_no_cnxt,"A vintage postage stamp featuring a woman's portrait in an ornate frame surrounded by floral designs. The words ""Julen 1904"" are at the top and bottom of the stamp.",Relevance,"Cream color is just the result of age. The person is known, not unidentified. That leaves two options, and this option is the less repetitive of the two.",,1742517037,24,1742515122
3,Jean_Forbes-Robertson_(photograph_by_Sasha).png,no_crt_yes_cnxt,"Black and white portrait of Jean Forbes-Robertson, with a direct and serious gaze. She has short, wavy hair and wears a costume with textured fabric, possibly related to her role as Peter Pan. The image includes her autograph at the bottom.",Relevance,Only this option picks up on the iconic Peter Pan costume.,,1742517077,25,1742515122
3,Bryant_Park_bathroom_(90660).jpg,None,None,Accuracy,"None of the options read the text ""Women / Men"" correctly.",,1742517114,26,1742515122
3,Sarah_Waters_(cropped).jpg,yes_crt_no_cnxt,"A person with short hair is smiling, holding a pen. A book cover nearby features the name ""Sarah Waters.""",Relevance,The article already gives her name; the image illustrates her appearance. This option partially describes her appearance without unnecessary background detail or errors (no glasses).,,1742517216,27,1742515122
3,Tyrese_Haliburton_(51923778880)_(cropped).jpg,yes_crt_yes_cnxt,"A basketball player in a yellow Indiana Pacers jersey with the number 0, holding a basketball on the court.",Relevance,"""Indiana"" without ""Pacers"" is awkward, because the Hoosiers exist. Of the two options that say ""Pacers"", this one's more concise.",,1742517273,28,1742515122
3,Frank_Sargeson_House_(interior_view).jpg,yes_crt_no_cnxt,"A cozy room with wooden walls and ceiling, featuring a single bed with a patchwork quilt, a brick fireplace adorned with photos and papers, a variety of chairs, and bookshelves filled with books along the walls.",Relevance,This option strikes a good balance between detail and brevity. The lighting isn't important in this context.,,1742517411,29,1742515122
3,Grebe_Courtship_(detail).jpg,no_crt_yes_cnxt,"Two birds with brown and white plumage engaged in a courtship display on the water, surrounded by splashes.",Accuracy,"Nearby text probably identifies the birds, so this option not naming the birds is probably fine. The other options get details about the courtship display wrong.",,1742517482,30,1742515122
3,NES_Tetris_falling_speed_by_level.jpg,yes_crt_yes_cnxt,"Bar chart depicting Tetris falling speed, showing a gradual increase from levels 0 to 28, with a sharp spike at level 29.",Relevance,The spike at level 29 is the important part in this context. This option gets straight to the point.,,1742517551,31,1742515122
3,Auckland_3_(31216881474)_(cropped).jpg,no_crt_yes_cnxt,"Close-up view of the top section of the Waharoa sculpture at Aotea Square, featuring intricate carvings of musical instruments, animals, and Māori deities. The patterns are inspired by tapa cloth, showcasing an expressionist interpretation of a traditional gateway. The sculpture is mostly in earthy tones with accents of turquoise and pink.",Accuracy,"The only option that correctly identifies the photo as a close-up of part of the sculpture, and correctly describes it as expressionist, not abstract.",,1742517646,32,1742515122
3,The_Three_Godfathers_2.jpg,no_crt_yes_cnxt,"A black-and-white still from the 1916 film ""The Three Godfathers"" showing three men in western attire sitting in a desert landscape. One man in the center, wearing a dark jacket and hat, holds a wrapped bundle. The other two men, seated on either side, appear engaged in conversation. A wooden sign is visible in the background on the right.",Accuracy,"Correctly identifies the image as a movie still, without misreading the sign in the background.",,1742517698,33,1742515122
3,Extinction_rebellion_Climbing_division.jpg,None,None,Relevance,All the options miss key details. This is a large protest blocking a motorway (freeway) in Amsterdam. The flags have an hourglass symbol. One protester is climbing a lamppost.,,1742517826,34,1742515122
3,Old_Chatham_County_Courthouse_(April_2023)_18.jpg,no_crt_no_cnxt,"A historic building with a clock tower and cupola, featuring brick and white trim exterior. The building has tall columns at the entrance and multiple rectangular windows. An American flag is displayed on a flagpole to the right. The sky is overcast.",Accuracy,This option best describes the building's distinctive clock tower.,,1742517883,35,1742515122
3,Dowling_007.jpg,no_crt_yes_cnxt,"A vintage photograph of a dispatch service building in Alice Springs. The building is labeled ""A.A.M.S. Bldg. Alice Springs"" and appears to be a single-story structure with a corrugated metal roof, surrounded by a fence. The photograph is in black and white, indicating its historical context.",Accuracy,Only this option correctly reads the text. And I think it's right about the roof material.,,1742517918,36,1742515122
3,New_York_State_and_surrounding_areas_Area_codes_Jan_2024.png,no_crt_yes_cnxt,"A map showing area codes in New York and surrounding regions. The areas for Buffalo and Niagara Falls are highlighted with the area codes 716 and 624. Other area codes in neighboring regions are also displayed, each in distinct colors.",Accuracy,This option correctly identifies the map as area codes inside or immediately bordering New York State.,,1742517951,37,1742515122
3,Helensville_and_Kaipara_River_from_the_air_(1927-1937)_(cropped).jpg,no_crt_yes_cnxt,"Black and white aerial photograph of Helensville, showing a meandering river with the town situated along its banks. The surrounding landscape features open fields and hills in the distance.",Relevance,"This option emphasizes the town is the important part of the image, and best describes its surroundings.",,1742518081,38,1742515122
3,ATLAS_F_SEASAT_A_LIFTOFF_-_NARA_-_17420347_(cropped).jpg,None,None,Accuracy,"None of these options read the key text ""Seasat"", which would be legible in full resolution. This is the launch of the Seasat satellite (on an Atlas E/F rocket) in 1978.",,1742518234,39,1742515122
3,Muizenbergshul.jpg,no_crt_no_cnxt,"A synagogue with a striking architectural design, featuring red and white horizontal stripes. It has multiple pillars and arches at the entrance, and the exterior displays Stars of David. The building is surrounded by a clear blue sky and potted plants line the steps leading to the entrance.",Accuracy,"This option best describes the building's architecture. Although it includes unnecessary details about the weather, so do all the other options.",,1742518358,40,1742515122
3,Fig_3_MA_I437922_TePapa_Plate-LXI-A-supplement_full_(cropped).jpg,no_crt_no_cnxt,"Illustration of a moth with wings spread. The moth has patterned wings with alternating stripes of brown and cream. The antennae are visible, and the abdomen is darker compared to the wings. A number ""3"" is handwritten above the moth.",Accuracy,This option best describes the color differences between the wings and the abdomen.,,1742518624,41,1742515122
3,Machida_Shinichiro_With_Nagumo_Chuichi_(cropped).png,no_crt_yes_cnxt,"A group of Japanese individuals, including men in military and traditional attire, and women in kimonos, gathered around a low table with food and beverages. The setting appears to be indoors, featuring traditional Japanese decor.",Accuracy,The other options make mistakes in headcount or clothing.,,1742518698,42,1742515122
3,Goudsmit_Samuel_A6.jpg,no_crt_yes_cnxt,A black and white portrait of a man wearing a suit and tie.,Relevance,"None of the options really describe the man's features, but at least this one's concise. The pose isn't really important.",,1742518798,43,1742515122
3,Michael_Jackson_in_1988_(cropped).jpg,yes_crt_yes_cnxt,"Black and white photo of a musician performing passionately with a microphone, wearing a decorated jacket.",Relevance,"Nearby text likely names this famous individual, who isn't really connected with this article's topic. Less detail is better.",,1742518954,44,1742515122
3,Franse-duikboot-WO-I.jpg,no_crt_no_cnxt,A historical black and white photo of a naval vessel on the water. The ship has a camouflage pattern on its hull and is carrying a group of people standing on deck. The background shows a faint outline of land in the distance under a cloudy sky.,Accuracy,"""Camouflage pattern on its hull"" seems to be a good visual description. Nearby text likely names the vessel, so the alt text here doesn't really have to.",,1742519091,45,1742515122
3,323221_at_Chester_Road_09_03_23_(52736482876).jpg,yes_crt_no_cnxt,"A train arrives at a snowy platform with a sign reading ""Chester Road"" on the right. Passengers stand by the station wall under a covered area.",Relevance,"The station's layout is likely of interest to users. The weather and the background, not so much. This option describes the station without getting into unnecessary detail.",,1742519329,46,1742515122
3,Nathan_Konstandopoulos_training_July_2023.jpg,no_crt_yes_cnxt,"A Melbourne Victory FC player in a navy blue training jersey with the number 23, running outdoors on a field. The jersey features sponsor logos. Trees and a clear sky are visible in the background.",Accuracy,This option correctly identifies the uniform without misreading the sponsor text.,,1742519402,47,1742515122
3,Eeli_Aalto_3.jpg,no_crt_no_cnxt,"A man with a mustache is standing on a cobblestone street, extending his arm towards the camera. Behind him, there is a row of parked vintage cars and a large, old building with a decorative facade. The sky is overcast, and the scene has a vintage feel.",Relevance,"This option is long, but none of the other options really describe the subject's appearance much.",,1742519497,48,1742515122
3,Statue_of_St_Gobnait_1_(cropped).jpg,yes_crt_no_cnxt,"A stone statue of a cloaked figure with closed eyes and hands clasped in prayer, adorned with a beaded necklace, set against a cloudy sky.",Relevance,This option describes details of the statue without including repetitive information already said in the article.,,1742519643,49,1742515122
3,"Coastal_road_under_construction,_Mumbai.jpg",no_crt_yes_cnxt,"A view of the Coastal Road construction site in Mumbai, showing multiple lanes under development alongside the coastline. The city's skyline is visible in the background under a hazy sky, and construction machinery can be seen in the foreground.",Accuracy,"This option correctly describes the scene as the construction site for a new road, and its position relative to the coastline.",,1742519783,50,1742515122